name;website;logo
KFZ Kammerhuber;https://kfz-kammerhuber.at/;kfz-kammerhuber.webp
Seierl Landesprodukte;https://www.seierl.at/;seierl-landesprodukte.webp
ETZI-Group;https://www.etzi-group.com/;etzi.svg
Schlattbauerngut;https://schlattbauerngut.at/;schlattbauerngut.webp
Elektro Kremsmair;https://kremsmair.com/;elektro-kremsmair.webp
GEWA Blechtechnik;https://www.gewa.at/;gewa-blechtechnik.webp
Tischlerei Mistlberger;https://www.tischlerei-mistlberger.at/;tischlerei-mistlberger.webp
For Life – Herbert Wasserbauer;https://www.forlife.at/;for-life-wasserbauer.webp
HUBER Signage;https://www.huber-signage.eu/;huber-signage.webp
PRECIPLAST Kunststofftechnik;https://preciplast.at/;preciplast.webp
